fold,accuracy,macro_f1,model_path,batch_size,learning_rate
1,0.9933774834437086,0.9928014251155346,best_model_final.pt,16,2e-05
2,0.9933774834437086,0.9942572666712257,best_model_final.pt,64,1e-05
3,0.9933665008291874,0.994108406530045,best_model_final.pt,32,2e-05
4,0.9966832504145937,0.9960150856169591,best_model_final.pt,64,5e-05
5,0.9966832504145937,0.9970985105490172,best_model_final.pt,32,2e-05
